case,split,label,probability,threshold,detected
tuning-001,tuning,false,0.21,0.85,false
tuning-002,tuning,false,0.24,0.85,false
tuning-003,tuning,false,0.11,0.85,false
tuning-004,tuning,false,0.1,0.85,false
tuning-005,tuning,false,0.12,0.85,false
tuning-006,tuning,false,0.06,0.85,false
tuning-007,tuning,false,0.07,0.85,false
tuning-008,tuning,false,0.1,0.85,false
tuning-009,tuning,false,0.06,0.85,false
tuning-010,tuning,false,0.03,0.85,false
tuning-011,tuning,false,0.07,0.85,false
tuning-012,tuning,false,0.04,0.85,false
tuning-013,tuning,false,0.04,0.85,false
tuning-014,tuning,false,0.03,0.85,false
tuning-015,tuning,false,0.03,0.85,false
tuning-016,tuning,false,0.05,0.85,false
tuning-017,tuning,false,0.22,0.85,false
tuning-018,tuning,false,0.2,0.85,false
tuning-019,tuning,false,0.07,0.85,false
tuning-020,tuning,false,0.08,0.85,false
tuning-021,tuning,false,0.06,0.85,false
tuning-022,tuning,false,0.04,0.85,false
tuning-023,tuning,true,0.78,0.85,false
tuning-024,tuning,false,0.08,0.85,false
tuning-025,tuning,false,0.07,0.85,false
tuning-026,tuning,false,0.05,0.85,false
tuning-027,tuning,false,0.09,0.85,false
tuning-028,tuning,false,0.07,0.85,false
tuning-029,tuning,false,0.05,0.85,false
tuning-030,tuning,true,0.78,0.85,false
tuning-031,tuning,false,0.09,0.85,false
tuning-032,tuning,false,0.06,0.85,false
tuning-033,tuning,false,0.05,0.85,false
tuning-034,tuning,ambiguous,0.17,0.85,false
tuning-035,tuning,false,0.03,0.85,false
tuning-036,tuning,false,0.04,0.85,false
tuning-037,tuning,false,0.03,0.85,false
tuning-038,tuning,false,0.03,0.85,false
tuning-039,tuning,false,0.06,0.85,false
tuning-040,tuning,false,0.03,0.85,false
tuning-041,tuning,false,0.03,0.85,false
tuning-042,tuning,false,0.1,0.85,false
tuning-043,tuning,false,0.02,0.85,false
tuning-044,tuning,false,0.04,0.85,false
tuning-045,tuning,false,0.03,0.85,false
tuning-046,tuning,false,0.03,0.85,false
tuning-047,tuning,false,0.08,0.85,false
tuning-048,tuning,false,0.04,0.85,false
tuning-049,tuning,false,0.03,0.85,false
tuning-050,tuning,false,0.03,0.85,false
tuning-051,tuning,ambiguous,0.1,0.85,false
tuning-052,tuning,false,0.08,0.85,false
heldout-001,heldout,true,0.49,0.75,false
heldout-002,heldout,false,0.07,0.75,false
heldout-003,heldout,false,0.04,0.75,false
heldout-004,heldout,false,0.05,0.75,false
heldout-005,heldout,false,0.03,0.75,false
heldout-006,heldout,false,0.05,0.75,false
heldout-007,heldout,false,0.05,0.75,false
heldout-008,heldout,false,0.04,0.75,false
heldout-009,heldout,ambiguous,0.05,0.75,false
heldout-010,heldout,false,0.06,0.75,false
heldout-011,heldout,false,0.05,0.75,false
heldout-012,heldout,false,0.08,0.75,false
heldout-013,heldout,false,0.07,0.75,false
heldout-014,heldout,false,0.09,0.75,false
heldout-015,heldout,false,0.07,0.75,false
heldout-016,heldout,false,0.05,0.75,false
heldout-017,heldout,false,0.05,0.75,false
heldout-018,heldout,false,0.06,0.75,false
heldout-019,heldout,false,0.06,0.75,false
heldout-020,heldout,false,0.06,0.75,false
heldout-021,heldout,false,0.14,0.75,false
heldout-022,heldout,false,0.08,0.75,false
heldout-023,heldout,false,0.09,0.75,false
heldout-024,heldout,false,0.13,0.75,false
heldout-025,heldout,false,0.06,0.75,false
heldout-026,heldout,false,0.05,0.75,false
heldout-027,heldout,false,0.04,0.75,false
heldout-028,heldout,false,0.04,0.75,false
heldout-029,heldout,false,0.03,0.75,false
heldout-030,heldout,false,0.02,0.75,false
heldout-031,heldout,false,0.03,0.75,false
heldout-032,heldout,false,0.06,0.75,false
heldout-033,heldout,false,0.04,0.75,false
heldout-034,heldout,false,0.04,0.75,false
heldout-035,heldout,false,0.05,0.75,false
heldout-036,heldout,false,0.04,0.75,false
heldout-037,heldout,true,0.71,0.75,false
heldout-038,heldout,false,0.07,0.75,false
heldout-039,heldout,false,0.07,0.75,false
heldout-040,heldout,false,0.16,0.75,false
heldout-041,heldout,false,0.04,0.75,false
heldout-042,heldout,false,0.04,0.75,false
heldout-043,heldout,false,0.06,0.75,false
heldout-044,heldout,false,0.05,0.75,false
heldout-045,heldout,false,0.04,0.75,false
heldout-046,heldout,false,0.04,0.75,false
heldout-047,heldout,false,0.03,0.75,false
heldout-048,heldout,false,0.04,0.75,false
