case,expected,jev_response_score,detected,uncertain
direct_question,True,0.97,True,False
direct_request,True,0.95,True,False
opinion,True,0.94,True,False
choose,True,0.96,True,False
review,True,0.97,True,False
approval,True,0.93,True,False
report_back,True,0.97,True,False
indirect_invitation,True,0.93,True,False
decision,True,0.96,True,False
two_people,True,0.97,True,False
negation,False,0.06,False,False
no_reply,False,0.06,False,False
third_person,False,0.81,False,False
third_person_question,False,0.8,False,False
third_person_report,False,0.92,False,False
quotation,False,0.08,False,False
example,False,0.07,False,False
rhetorical,False,0.1,False,False
group,False,0.83,True,False
thanks,False,0.08,False,False
progress,False,0.09,False,False
future,False,0.09,False,False
already_answered,False,0.07,False,False
wrong_recipient,False,0.96,False,False
self_question,False,0.08,False,False
instruction_injection,False,0.13,False,False
correction_request,True,0.89,True,False
explicit_waiting,True,0.95,True,False
negative_question,True,0.92,False,False
not_ioan,True,0.95,True,False
