case,stratum,kind,expected_ids,jev_scores,luna_ids,luna_uncertain,adapter_response,adapter_recipient,adapter_detected,luna_adapter_ids,luna_adapter_uncertain
nexus-00,question_enriched,scored,[3],"{""any"": 0.55, ""to_1"": 0.24, ""to_2"": 0.13, ""to_3"": 0.28, ""to_4"": 0.15, ""to_5"": 0.14, ""to_6"": 0.07, ""to_7"": 0.1, ""to_8"": 0.13}",[],False,0.49,0.23,False,[],False
nexus-01,nonquestion_sample,scored,[],"{""any"": 0.48, ""to_1"": 0.15, ""to_2"": 0.06, ""to_3"": 0.16, ""to_4"": 0.15, ""to_5"": 0.14, ""to_6"": 0.07, ""to_7"": 0.1, ""to_8"": 0.11}",[],False,0.5,0.15,False,[],False
nexus-02,nonquestion_sample,scored,[3],"{""any"": 0.91, ""to_1"": 0.06, ""to_2"": 0.05, ""to_3"": 0.5, ""to_4"": 0.44, ""to_5"": 0.26, ""to_6"": 0.26, ""to_7"": 0.05, ""to_8"": 0.25}","[1, 2, 3, 4, 5, 6, 7, 8]",True,0.91,0.12,False,[],True
nexus-03,question_enriched,scored,[3],"{""to_1"": 0.08, ""to_4"": 0.15, ""to_2"": 0.06, ""to_3"": 0.37, ""to_5"": 0.16, ""to_6"": 0.18, ""to_7"": 0.09, ""to_8"": 0.14, ""any"": 0.92}",[1],True,0.93,0.14,False,[],True
nexus-04,nonquestion_sample,scored,[],"{""any"": 0.44, ""to_1"": 0.08, ""to_2"": 0.1, ""to_3"": 0.05, ""to_4"": 0.04, ""to_5"": 0.36, ""to_6"": 0.04, ""to_7"": 0.05, ""to_8"": 0.12}",[],False,0.45,0.07,False,[],False
nexus-05,nonquestion_sample,scored,[],"{""any"": 0.22, ""to_1"": 0.06, ""to_2"": 0.14, ""to_3"": 0.05, ""to_4"": 0.04, ""to_5"": 0.11, ""to_6"": 0.05, ""to_7"": 0.03, ""to_8"": 0.22}",[],False,0.27,0.06,False,[],False
nexus-06,nonquestion_sample,ambiguous,null,"{""any"": 0.29, ""to_1"": 0.11, ""to_2"": 0.05, ""to_3"": 0.05, ""to_4"": 0.14, ""to_5"": 0.09, ""to_6"": 0.04, ""to_7"": 0.05, ""to_8"": 0.11}",[],False,0.3,0.09,False,,
nexus-07,nonquestion_sample,ambiguous,null,"{""any"": 0.49, ""to_1"": 0.1, ""to_2"": 0.05, ""to_3"": 0.06, ""to_4"": 0.25, ""to_5"": 0.07, ""to_6"": 0.09, ""to_7"": 0.05, ""to_8"": 0.18}",[],False,0.48,0.06,False,,
nexus-08,question_enriched,ambiguous,null,"{""any"": 0.32, ""to_1"": 0.18, ""to_2"": 0.05, ""to_3"": 0.05, ""to_4"": 0.32, ""to_5"": 0.13, ""to_6"": 0.06, ""to_7"": 0.06, ""to_8"": 0.07}",[],False,0.42,0.29,False,,
nexus-09,question_enriched,scored,[4],"{""any"": 0.94, ""to_1"": 0.12, ""to_2"": 0.09, ""to_3"": 0.06, ""to_4"": 0.67, ""to_5"": 0.19, ""to_6"": 0.04, ""to_7"": 0.04, ""to_8"": 0.07}",[4],False,0.95,0.12,False,[],False
nexus-10,question_enriched,ambiguous,null,"{""any"": 0.81, ""to_1"": 0.14, ""to_2"": 0.09, ""to_3"": 0.07, ""to_4"": 0.49, ""to_5"": 0.2, ""to_6"": 0.16, ""to_7"": 0.13, ""to_8"": 0.1}",[4],False,0.76,0.12,False,,
nexus-12,nonquestion_sample,scored,[],"{""any"": 0.14, ""to_1"": 0.17, ""to_2"": 0.08, ""to_3"": 0.06, ""to_4"": 0.06, ""to_5"": 0.08, ""to_6"": 0.09, ""to_7"": 0.08, ""to_8"": 0.1}",[],False,0.16,0.15,False,[],False
nexus-13,question_enriched,scored,[7],"{""to_1"": 0.21, ""to_2"": 0.17, ""to_3"": 0.05, ""to_5"": 0.13, ""to_6"": 0.39, ""any"": 0.96, ""to_4"": 0.04, ""to_7"": 0.92, ""to_8"": 0.04}",[7],False,0.96,0.2,False,[],False
nexus-14,nonquestion_sample,scored,[],"{""any"": 0.27, ""to_1"": 0.2, ""to_2"": 0.05, ""to_3"": 0.05, ""to_4"": 0.04, ""to_5"": 0.15, ""to_6"": 0.1, ""to_7"": 0.16, ""to_8"": 0.05}",[],False,0.29,0.17,False,[],False
nexus-15,nonquestion_sample,scored,[1],"{""to_2"": 0.06, ""to_4"": 0.06, ""to_6"": 0.11, ""to_7"": 0.13, ""to_8"": 0.05, ""to_1"": 0.53, ""to_3"": 0.06, ""to_5"": 0.24, ""any"": 0.7}",[1],False,0.71,0.36,False,[1],False
nexus-16,question_enriched,scored,"[1, 6]","{""any"": 0.97, ""to_1"": 0.76, ""to_2"": 0.06, ""to_3"": 0.04, ""to_4"": 0.05, ""to_5"": 0.22, ""to_6"": 0.85, ""to_7"": 0.06, ""to_8"": 0.08}","[1, 6]",False,0.97,0.73,True,[1],False
nexus-17,nonquestion_sample,ambiguous,null,"{""any"": 0.7, ""to_1"": 0.29, ""to_2"": 0.16, ""to_3"": 0.08, ""to_4"": 0.13, ""to_5"": 0.19, ""to_6"": 0.11, ""to_7"": 0.1, ""to_8"": 0.16}",[],True,0.75,0.15,False,,
nexus-18,question_enriched,scored,[6],"{""any"": 0.91, ""to_1"": 0.12, ""to_2"": 0.06, ""to_3"": 0.07, ""to_4"": 0.03, ""to_5"": 0.17, ""to_6"": 0.64, ""to_7"": 0.04, ""to_8"": 0.08}",[6],False,0.9,0.11,False,[],False
nexus-19,question_enriched,scored,[],"{""any"": 0.28, ""to_1"": 0.08, ""to_2"": 0.05, ""to_3"": 0.06, ""to_4"": 0.04, ""to_5"": 0.21, ""to_6"": 0.16, ""to_7"": 0.1, ""to_8"": 0.05}",[],False,0.24,0.09,False,[],False
nexus-21,question_enriched,scored,[],"{""any"": 0.09, ""to_1"": 0.07, ""to_2"": 0.05, ""to_3"": 0.07, ""to_4"": 0.04, ""to_5"": 0.09, ""to_6"": 0.11, ""to_7"": 0.09, ""to_8"": 0.04}",[],False,0.08,0.07,False,[],False
nexus-22,question_enriched,ambiguous,null,"{""any"": 0.74, ""to_1"": 0.06, ""to_2"": 0.08, ""to_3"": 0.08, ""to_4"": 0.05, ""to_5"": 0.2, ""to_6"": 0.52, ""to_7"": 0.08, ""to_8"": 0.04}",[6],False,0.7,0.21,False,,
nexus-24,nonquestion_sample,scored,[6],"{""any"": 0.86, ""to_1"": 0.2, ""to_2"": 0.09, ""to_3"": 0.08, ""to_4"": 0.06, ""to_5"": 0.39, ""to_6"": 0.78, ""to_7"": 0.06, ""to_8"": 0.06}",[6],False,0.78,0.14,False,[],False
nexus-25,question_enriched,scored,[1],"{""any"": 0.96, ""to_1"": 0.94, ""to_2"": 0.04, ""to_3"": 0.04, ""to_4"": 0.04, ""to_5"": 0.05, ""to_6"": 0.3, ""to_7"": 0.06, ""to_8"": 0.04}",[1],False,0.97,0.89,True,[1],False
nexus-27,nonquestion_sample,scored,[],"{""any"": 0.33, ""to_1"": 0.13, ""to_2"": 0.68, ""to_3"": 0.06, ""to_4"": 0.04, ""to_5"": 0.14, ""to_6"": 0.16, ""to_7"": 0.05, ""to_8"": 0.13}",[2],False,0.2,0.13,False,[],False
nexus-28,nonquestion_sample,ambiguous,null,"{""any"": 0.62, ""to_1"": 0.58, ""to_2"": 0.06, ""to_3"": 0.06, ""to_4"": 0.06, ""to_5"": 0.07, ""to_6"": 0.08, ""to_7"": 0.05, ""to_8"": 0.12}","[1, 6]",False,0.6,0.5,True,,
nexus-30,question_enriched,ambiguous,null,"{""to_4"": 0.05, ""to_6"": 0.29, ""any"": 0.88, ""to_1"": 0.36, ""to_3"": 0.09, ""to_5"": 0.23, ""to_7"": 0.26, ""to_8"": 0.09, ""to_2"": 0.12}","[1, 6]",False,0.86,0.4,False,,
nexus-31,nonquestion_sample,ambiguous,null,"{""any"": 0.77, ""to_1"": 0.13, ""to_2"": 0.09, ""to_3"": 0.07, ""to_4"": 0.05, ""to_5"": 0.49, ""to_6"": 0.24, ""to_7"": 0.24, ""to_8"": 0.06}",[5],False,0.83,0.17,False,,
nexus-32,question_enriched,ambiguous,null,"{""any"": 0.48, ""to_1"": 0.08, ""to_2"": 0.07, ""to_3"": 0.06, ""to_4"": 0.05, ""to_5"": 0.25, ""to_6"": 0.23, ""to_7"": 0.12, ""to_8"": 0.05}",[6],False,0.45,0.09,False,,
nexus-33,nonquestion_sample,ambiguous,null,"{""any"": 0.7, ""to_1"": 0.1, ""to_2"": 0.11, ""to_3"": 0.06, ""to_4"": 0.06, ""to_5"": 0.29, ""to_6"": 0.17, ""to_7"": 0.25, ""to_8"": 0.07}",[7],False,0.7,0.14,False,,
nexus-34,question_enriched,scored,[1],"{""any"": 0.96, ""to_1"": 0.88, ""to_2"": 0.12, ""to_3"": 0.08, ""to_4"": 0.06, ""to_5"": 0.33, ""to_6"": 0.32, ""to_7"": 0.09, ""to_8"": 0.12}",[1],False,0.94,0.88,True,[1],False
nexus-35,question_enriched,scored,"[1, 6]","{""any"": 0.97, ""to_1"": 0.79, ""to_2"": 0.08, ""to_3"": 0.04, ""to_4"": 0.04, ""to_5"": 0.21, ""to_6"": 0.49, ""to_7"": 0.07, ""to_8"": 0.04}","[1, 6]",False,0.97,0.75,True,[1],False
nexus-36,question_enriched,scored,[1],"{""any"": 0.95, ""to_1"": 0.89, ""to_2"": 0.04, ""to_3"": 0.05, ""to_4"": 0.06, ""to_5"": 0.14, ""to_6"": 0.53, ""to_7"": 0.05, ""to_8"": 0.05}",[1],False,0.94,0.85,True,[1],False
nexus-37,nonquestion_sample,ambiguous,null,"{""any"": 0.89, ""to_1"": 0.35, ""to_2"": 0.05, ""to_3"": 0.04, ""to_4"": 0.05, ""to_5"": 0.14, ""to_6"": 0.63, ""to_7"": 0.09, ""to_8"": 0.06}",[6],False,0.91,0.2,False,,
