case,stratum,kind,expected_human_request,jev_response_score,detected_human_request,uncertain
fresh-01,question_enriched,scored,False,0.5,False,False
fresh-02,question_enriched,scored,True,0.93,True,False
fresh-03,nonquestion_sample,scored,False,0.19,False,False
fresh-04,question_enriched,scored,False,0.12,False,False
fresh-05,question_enriched,scored,False,0.76,False,False
fresh-06,nonquestion_sample,scored,False,0.1,False,False
fresh-07,question_enriched,scored,False,0.32,False,False
fresh-08,nonquestion_sample,scored,False,0.16,False,False
fresh-09,nonquestion_sample,scored,False,0.23,False,False
fresh-10,nonquestion_sample,scored,False,0.92,False,False
fresh-11,nonquestion_sample,scored,False,0.08,False,False
fresh-12,nonquestion_sample,ambiguous,False,0.26,False,False
fresh-13,nonquestion_sample,scored,False,0.24,False,False
fresh-14,question_enriched,scored,True,0.95,True,False
fresh-15,nonquestion_sample,scored,False,0.15,False,False
fresh-16,question_enriched,scored,False,0.39,False,False
fresh-17,nonquestion_sample,scored,False,0.08,False,False
fresh-18,nonquestion_sample,scored,False,0.11,False,False
fresh-19,nonquestion_sample,scored,False,0.32,False,False
fresh-20,nonquestion_sample,scored,False,0.19,False,False
